{
  "AAPL": {
    "train": {
      "size": 188,
      "metrics": {
        "rmse": 4.599465024192248,
        "mae": 3.083991777572932,
        "r2": 0.9356544879416768
      },
      "target_stats": {
        "mean": 220.09923277509972,
        "std": 18.180520444659678,
        "min": 171.9989776611328,
        "max": 258.1037292480469,
        "median": 216.9090576171875
      }
    },
    "test": {
      "size": 48,
      "metrics": {
        "rmse": 4.021028604363235,
        "mae": 2.84150126646557,
        "r2": 0.8847771599117826
      },
      "target_stats": {
        "mean": 243.65583260854086,
        "std": 11.971251762616735,
        "min": 224.89999389648438,
        "max": 262.7699890136719,
        "median": 242.5250015258789
      }
    },
    "artifacts": {
      "model_path": "C:\\CODING PROJECTS\\sqlite-test\\stock_ingestor\\reports\\models\\linear_regression_next_day_AAPL.pkl",
      "plot_path": "C:\\CODING PROJECTS\\sqlite-test\\stock_ingestor\\reports\\models\\plots\\next_day_predictions_AAPL.png"
    }
  },
  "MSFT": {
    "train": {
      "size": 188,
      "metrics": {
        "rmse": 6.8505895449139285,
        "mae": 4.561587629345187,
        "r2": 0.9773867565296186
      },
      "target_stats": {
        "mean": 436.8088344817466,
        "std": 45.67774328993481,
        "min": 353.3294372558594,
        "max": 534.7609252929688,
        "median": 430.32484436035156
      }
    },
    "test": {
      "size": 48,
      "metrics": {
        "rmse": 4.676278001861919,
        "mae": 3.5369338234304677,
        "r2": 0.5978677140302815
      },
      "target_stats": {
        "mean": 511.4273090362549,
        "std": 7.452252135851601,
        "min": 495.0,
        "max": 528.5700073242188,
        "median": 510.55499267578125
      }
    },
    "artifacts": {
      "model_path": "C:\\CODING PROJECTS\\sqlite-test\\stock_ingestor\\reports\\models\\linear_regression_next_day_MSFT.pkl",
      "plot_path": "C:\\CODING PROJECTS\\sqlite-test\\stock_ingestor\\reports\\models\\plots\\next_day_predictions_MSFT.png"
    }
  },
  "GOOGL": {
    "train": {
      "size": 188,
      "metrics": {
        "rmse": 3.5334328188396733,
        "mae": 2.65151609460664,
        "r2": 0.9429524177515078
      },
      "target_stats": {
        "mean": 176.35233168906353,
        "std": 14.833250746867696,
        "min": 144.39588928222656,
        "max": 205.7093505859375,
        "median": 174.80460357666016
      }
    },
    "test": {
      "size": 48,
      "metrics": {
        "rmse": 4.9339290307476045,
        "mae": 3.3705123802957666,
        "r2": 0.9273578358929566
      },
      "target_stats": {
        "mean": 235.80450693766275,
        "std": 18.49993494038766,
        "min": 199.1418914794922,
        "max": 256.54998779296875,
        "median": 244.33499908447266
      }
    },
    "artifacts": {
      "model_path": "C:\\CODING PROJECTS\\sqlite-test\\stock_ingestor\\reports\\models\\linear_regression_next_day_GOOGL.pkl",
      "plot_path": "C:\\CODING PROJECTS\\sqlite-test\\stock_ingestor\\reports\\models\\plots\\next_day_predictions_GOOGL.png"
    }
  }
}