{
  "AAPL": {
    "train": {
      "size": 188,
      "metrics": {
        "rmse": 4.602679689615969,
        "mae": 3.0902167039109187,
        "r2": 0.9354147331777303
      },
      "target_stats": {
        "mean": 220.05425165054646,
        "std": 18.159427168270152,
        "min": 171.99899291992188,
        "max": 258.1037292480469,
        "median": 216.9090576171875
      }
    },
    "test": {
      "size": 48,
      "metrics": {
        "rmse": 3.9648531966948655,
        "mae": 2.7398322128673893,
        "r2": 0.8885762859493487
      },
      "target_stats": {
        "mean": 243.21104017893472,
        "std": 12.003557747265736,
        "min": 224.89999389648438,
        "max": 262.7699890136719,
        "median": 239.73500061035156
      }
    },
    "artifacts": {
      "model_path": "C:\\CODING PROJECTS\\sqlite-test\\stock_ingestor\\reports\\models\\linear_regression_next_day_AAPL.pkl",
      "plot_path": "C:\\CODING PROJECTS\\sqlite-test\\stock_ingestor\\reports\\models\\plots\\next_day_predictions_AAPL.png"
    }
  },
  "MSFT": {
    "train": {
      "size": 188,
      "metrics": {
        "rmse": 6.852345252100932,
        "mae": 4.57044421150025,
        "r2": 0.9769601685634193
      },
      "target_stats": {
        "mean": 436.2790934785883,
        "std": 45.26449810259283,
        "min": 353.3294372558594,
        "max": 534.7609252929688,
        "median": 428.7341613769531
      }
    },
    "test": {
      "size": 48,
      "metrics": {
        "rmse": 4.638165442847367,
        "mae": 3.464847232282068,
        "r2": 0.6008233469915263
      },
      "target_stats": {
        "mean": 511.389861424764,
        "std": 7.418828972518476,
        "min": 495.0,
        "max": 528.5700073242188,
        "median": 510.55499267578125
      }
    },
    "artifacts": {
      "model_path": "C:\\CODING PROJECTS\\sqlite-test\\stock_ingestor\\reports\\models\\linear_regression_next_day_MSFT.pkl",
      "plot_path": "C:\\CODING PROJECTS\\sqlite-test\\stock_ingestor\\reports\\models\\plots\\next_day_predictions_MSFT.png"
    }
  },
  "GOOGL": {
    "train": {
      "size": 188,
      "metrics": {
        "rmse": 3.534351227945631,
        "mae": 2.6539796596839267,
        "r2": 0.9419384869869454
      },
      "target_stats": {
        "mean": 176.2211401919101,
        "std": 14.706985102373254,
        "min": 144.39588928222656,
        "max": 205.7093505859375,
        "median": 174.8046112060547
      }
    },
    "test": {
      "size": 48,
      "metrics": {
        "rmse": 4.956508094405525,
        "mae": 3.369072999546983,
        "r2": 0.929955955708059
      },
      "target_stats": {
        "mean": 234.7594788869222,
        "std": 18.92613364463059,
        "min": 199.1418914794922,
        "max": 256.54998779296875,
        "median": 243.57500457763672
      }
    },
    "artifacts": {
      "model_path": "C:\\CODING PROJECTS\\sqlite-test\\stock_ingestor\\reports\\models\\linear_regression_next_day_GOOGL.pkl",
      "plot_path": "C:\\CODING PROJECTS\\sqlite-test\\stock_ingestor\\reports\\models\\plots\\next_day_predictions_GOOGL.png"
    }
  }
}